metric,reported_best_value,reported_best_epoch,final_epoch_value,final_epoch,last_10_mean,last_10_std,last_10_min,last_10_max
metrics/precision(B),0.99499,64,0.98574,141,0.9891500000000001,0.0018450715132180908,0.98574,0.99122
metrics/recall(B),0.98371,127,0.9831,141,0.9807400000000002,0.00117434615377617,0.97926,0.9831
metrics/mAP50(B),0.99396,120,0.99352,141,0.993421,0.00011100050049937339,0.99327,0.99359
metrics/mAP50-95(B),0.88233,131,0.8819,141,0.8816790000000001,0.00029707649594751647,0.88123,0.88208
